Epoch,Train Accuracy,Train Loss,Val Accuracy,Val Loss
1,0.7879169288860919,0.7024129672138483,0.8742690058479532,0.4037097384070241
2,0.894692678833648,0.3351116948479774,0.8918128654970761,0.34113822877407074
3,0.9362282357877072,0.19779121818258458,0.89546783625731,0.3242360855084519
4,0.9519614013006084,0.15293051239928143,0.8830409356725146,0.4147107864535132
5,0.9500734214390602,0.14779558585294142,0.9013157894736842,0.39644700184810994
6,0.9536396056219845,0.14530199638649122,0.8932748538011696,0.3833361179676167
7,0.961611076148521,0.12502348548013892,0.8940058479532164,0.374882695286773
8,0.97398783301867,0.07722887156793735,0.8947368421052632,0.4697359519642453
9,0.9731487308579819,0.08466801637371114,0.9027777777777778,0.4121999080444491
10,0.974617159639186,0.07516705667312513,0.9144736842105263,0.3779641566581504
11,0.9838472834067548,0.04654440668805333,0.929093567251462,0.3113463541796041
12,0.9941262848751835,0.0191718877774457,0.9283625730994152,0.2953937239728348
13,0.9972729179777637,0.009448489271519993,0.9247076023391813,0.33241986829874126
14,0.9947556114956996,0.01736188142079135,0.922514619883041,0.3166518181908962
15,0.9926578560939795,0.021649362708460664,0.9203216374269005,0.33557183169868104
16,0.9882525697503671,0.037267631594866714,0.9093567251461988,0.39220305636178615
17,0.9876232431298511,0.03155782684760368,0.9130116959064327,0.35573473927933114
18,0.9886721208307111,0.03423753355773503,0.8976608187134503,0.4697573379895022
19,0.9830081812460667,0.05483476790105737,0.902046783625731,0.46600104114690494
20,0.985735263268303,0.041265530549239794,0.9166666666666666,0.3369963101522867
21,0.9955947136563876,0.014558950207827475,0.9269005847953217,0.32537004335371905
22,0.9964338158170757,0.012367019631381104,0.9283625730994152,0.3303231267518429
23,0.9979022445982798,0.007236668860560108,0.9283625730994152,0.3298776854630993
24,0.99895112229914,0.004295417188898029,0.922514619883041,0.3458700553070061
25,0.9985315712187959,0.005060835889518736,0.9203216374269005,0.3764915321737008
26,0.999160897839312,0.003805232449843323,0.9312865497076024,0.3414506056524683
27,0.9966435913572478,0.008742660037245782,0.9152046783625731,0.40942917112261057
28,0.9964338158170757,0.01202100450360535,0.9152046783625731,0.4640241130580043
29,0.9920285294734634,0.02564899415252793,0.9181286549707602,0.45037099158088134
30,0.9920285294734634,0.02457755666551174,0.9152046783625731,0.38490226030956176
31,0.9926578560939795,0.02622708762002071,0.9195906432748538,0.3567658047689948
32,0.9958044891965597,0.013606057227307919,0.922514619883041,0.3283962714377531
33,0.9995804489196559,0.003456479757469485,0.9232456140350878,0.3223036721262128
34,0.9995804489196559,0.0019853360157342484,0.9312865497076024,0.3065443292238511
35,0.99895112229914,0.002972887457530452,0.9349415204678363,0.2996995525033928
36,0.9993706733794839,0.0022759369764736408,0.9327485380116959,0.2975990663981065
37,0.9995804489196559,0.0020541214920703835,0.9327485380116959,0.3255403455357652
38,0.999790224459828,0.0017240335977317502,0.9312865497076024,0.33066548838897414
39,0.9974826935179358,0.008942485850846595,0.9261695906432749,0.34079345831171026
40,0.999160897839312,0.0034402941856880973,0.9334795321637427,0.33573546308244384
41,0.99895112229914,0.002852346664220376,0.9342105263157895,0.32967502816558575
42,0.9985315712187959,0.004312534686963187,0.9312865497076024,0.3530182297947968
43,0.9995804489196559,0.0019513499770108798,0.9320175438596491,0.34924364958478266
44,0.999160897839312,0.0020706015706395157,0.9334795321637427,0.35646459016120496
45,0.9993706733794839,0.0017436658719645567,0.939327485380117,0.3158475625461379
46,0.9987413467589679,0.004249072343133696,0.9312865497076024,0.3393335685101446
47,0.9974826935179358,0.009529476360701714,0.929093567251462,0.37372967663226475
48,0.999160897839312,0.0033563513046243046,0.9276315789473685,0.3896028638687418
49,0.9985315712187959,0.004665320903225333,0.9342105263157895,0.36908227104834435
50,0.999160897839312,0.00283333885127166,0.9320175438596491,0.37599571578226293
51,0.999160897839312,0.003906517354720709,0.9261695906432749,0.37520792957958443
52,0.9995804489196559,0.001642788956961407,0.929093567251462,0.36225908851727495
53,1.0,0.0007924193640602065,0.929093567251462,0.38101349399305967
54,0.999790224459828,0.0011400900157668547,0.9320175438596491,0.3635160572621105
55,1.0,0.0007118995812402776,0.9320175438596491,0.3784198403570985
56,0.999790224459828,0.0012865914715388157,0.9305555555555556,0.3619137171372977
57,0.9993706733794839,0.002896133310242787,0.9247076023391813,0.38702354612110484
58,0.9993706733794839,0.0017629128710082388,0.922514619883041,0.39241520704181737
59,1.0,0.00038492003898761367,0.9261695906432749,0.37416665437956187
60,0.999790224459828,0.0006896254472794314,0.9312865497076024,0.36551866624071155
61,1.0,0.0004107602567243196,0.9305555555555556,0.3737481165038378
62,0.9995804489196559,0.0014448783570716365,0.9254385964912281,0.4114583684943703
63,0.9993706733794839,0.003445079171492061,0.9305555555555556,0.37867041050759687
64,1.0,0.0004820824718343456,0.9305555555555556,0.36767517408182804
65,0.9987413467589679,0.00267598948725843,0.9269005847953217,0.41498683711383927
66,0.9995804489196559,0.0012929324592360538,0.9327485380116959,0.3718676233859083
67,0.9995804489196559,0.0025918341263372864,0.9349415204678363,0.36767763597890735
68,0.9995804489196559,0.0014416572431589932,0.9327485380116959,0.38767989554989346
69,0.999790224459828,0.0006196396975824336,0.9327485380116959,0.36274843674077284
70,0.999790224459828,0.0005705094625825693,0.9261695906432749,0.3655917777187126
71,1.0,0.0002971995717776711,0.9334795321637427,0.373118917966738
72,1.0,0.0001994470196296367,0.9269005847953217,0.3793362845899537
73,0.999790224459828,0.00030806737270985276,0.9283625730994152,0.39955243767986376
74,1.0,0.0001698058534526085,0.929093567251462,0.3961811103684784
75,1.0,0.00018601229687997971,0.9305555555555556,0.3942556265135144
76,1.0,7.470297858516698e-05,0.9298245614035088,0.38513435123672407
77,1.0,7.457910201296636e-05,0.929093567251462,0.40318645872608866
78,1.0,0.00011009436880860278,0.9283625730994152,0.39332737199160767
79,1.0,0.00044320162021220603,0.9327485380116959,0.39534213083666253
80,1.0,7.541184024510268e-05,0.9327485380116959,0.4014486216988718
81,1.0,0.00010470974675077717,0.9320175438596491,0.3869448673564854
82,1.0,0.00018696782373332562,0.9327485380116959,0.39631925110006705
83,1.0,0.00020677157829675024,0.9327485380116959,0.3764595272639485
84,1.0,6.182981494918365e-05,0.9349415204678363,0.374180874795393
85,0.9993706733794839,0.0020369269271598403,0.9334795321637427,0.3742652454218546
86,1.0,8.7486315073539e-05,0.9312865497076024,0.38299960791414905
87,1.0,0.0001777523798257075,0.9298245614035088,0.3959194919809179
88,1.0,0.0002476495031217401,0.9334795321637427,0.3782832440811881
89,1.0,7.831998383403668e-05,0.9298245614035088,0.39940466902890176
90,1.0,0.00017754316836880322,0.9349415204678363,0.38992548581256076
91,1.0,0.00014634371694185593,0.9312865497076024,0.390693464782089
92,0.999790224459828,0.0014584840979637956,0.9334795321637427,0.3855556080031187
93,1.0,9.841419648103284e-05,0.9342105263157895,0.37448017268853134
94,1.0,3.46228294899795e-05,0.9364035087719298,0.3837372968839698
95,1.0,8.234883085795494e-05,0.9334795321637427,0.3901579252357573
96,0.999790224459828,0.00033295432737740947,0.9371345029239766,0.37038135046659165
97,1.0,9.50670541988685e-05,0.9349415204678363,0.36850317817744477
98,0.9995804489196559,0.0007458219861657821,0.9371345029239766,0.3578365187723796
99,0.999790224459828,0.0009155110868435094,0.9334795321637427,0.3749022612153271
100,0.999790224459828,0.0003769619035097857,0.9349415204678363,0.3772261555490712
101,0.999790224459828,0.0010879796307733994,0.9364035087719298,0.37626909434275574
102,1.0,4.164702201382438e-05,0.9334795321637427,0.37913967670634563
103,1.0,7.636257001442402e-05,0.9334795321637427,0.37701788375581896
104,0.9995804489196559,0.0008766773493755943,0.9327485380116959,0.382503793557272
105,1.0,0.00014377396785022827,0.9334795321637427,0.3726617743255744
106,1.0,0.00032068191942608796,0.9320175438596491,0.3940951822103586
107,1.0,5.426266317417136e-05,0.9349415204678363,0.37822593551611006
108,1.0,0.00016530184346253533,0.929093567251462,0.39515540092035606
109,0.999790224459828,0.0008905153140129175,0.929093567251462,0.36993993286633603
110,1.0,0.00016314640530656972,0.9334795321637427,0.3703420205843137
111,1.0,7.657576808036074e-05,0.9320175438596491,0.3678658958253732
112,1.0,0.0002384617090738541,0.929093567251462,0.3677727643760506
113,1.0,0.00012805154069274861,0.9327485380116959,0.37585016392674947
114,1.0,0.0001369770789646306,0.9298245614035088,0.3745974216523559
115,1.0,5.2977995319993746e-05,0.9349415204678363,0.3805740225740687
116,0.999790224459828,0.0001888262943873313,0.9320175438596491,0.38027416371745815
117,1.0,6.501034492839303e-05,0.9320175438596491,0.4050213840930874
118,1.0,3.48525860980033e-05,0.9305555555555556,0.3761767841209549
119,1.0,5.6011356697590664e-05,0.9320175438596491,0.38225469497427733
120,1.0,4.67176324726451e-05,0.9334795321637427,0.3809646688953995
121,1.0,5.52352083092571e-05,0.9312865497076024,0.38350984880153827
122,1.0,0.00011943077939369516,0.9312865497076024,0.38269373662986383
123,1.0,3.757376347396182e-05,0.9320175438596491,0.36592381208225394
124,0.999790224459828,0.0002786482148334984,0.9312865497076024,0.38065139265449416
125,1.0,5.584005947908101e-05,0.9342105263157895,0.3673159389033762
126,1.0,4.848438063251993e-05,0.9334795321637427,0.3757592903444717
127,1.0,3.5069416707905865e-05,0.9327485380116959,0.3796057039804129
128,1.0,4.846112962707978e-05,0.9349415204678363,0.36523882988948636
129,1.0,3.333821002385757e-05,0.9342105263157895,0.3764893166899551
130,1.0,0.00011281512272169176,0.935672514619883,0.3724406218605636
131,0.999790224459828,0.00023004733079321627,0.9385964912280702,0.36453954289331597
132,1.0,3.943067914229113e-05,0.935672514619883,0.3744952899300991
133,1.0,4.2205684098268566e-05,0.9349415204678363,0.3728741258518164
134,1.0,2.018829820140096e-05,0.9342105263157895,0.38982613369562596
135,1.0,0.0001676880858774393,0.935672514619883,0.36634454103646974
136,1.0,9.701511245774043e-05,0.9327485380116959,0.3689755288448163
137,1.0,1.8897479064119292e-05,0.9364035087719298,0.3731915053903385
138,1.0,0.00017695901155300988,0.9342105263157895,0.3896121114985151
139,1.0,1.9093464499331842e-05,0.9320175438596491,0.39242201434789487
140,1.0,2.8442247041568296e-05,0.9334795321637427,0.36985267394460564
141,1.0,7.060201466366752e-05,0.935672514619883,0.3738228685661154
142,1.0,6.006030770055418e-05,0.935672514619883,0.38370312453209704
143,1.0,3.285436744914209e-05,0.9327485380116959,0.3772099109997345
144,1.0,3.5056148735198777e-05,0.9364035087719298,0.37709782120966634
145,1.0,5.560072953898234e-05,0.935672514619883,0.37653633604519243
146,1.0,2.8136807117298058e-05,0.935672514619883,0.37458330199533946
147,1.0,3.8095025059576817e-05,0.9364035087719298,0.36101537475600665
148,1.0,3.3346651807183635e-05,0.9334795321637427,0.37503483815952526
149,1.0,0.00010060426714840745,0.9371345029239766,0.37798379145042843
150,1.0,2.7073135517651666e-05,0.9364035087719298,0.3780788396550126
151,1.0,7.753592274108185e-05,0.9349415204678363,0.39246357493589873
152,1.0,5.2445548989996783e-05,0.935672514619883,0.3759976631831811
153,1.0,0.00012397678283847144,0.9349415204678363,0.3758665906904309
154,1.0,4.008492447952302e-05,0.9364035087719298,0.37470833448758134
155,1.0,6.206494778945133e-05,0.9364035087719298,0.36408695920375933
156,1.0,1.5438461932168115e-05,0.935672514619883,0.36670310368090003
157,1.0,2.015848620075358e-05,0.9334795321637427,0.36980021837286564
158,1.0,2.6746246335858434e-05,0.9342105263157895,0.3896720621323343
159,1.0,5.541068892337431e-05,0.9342105263157895,0.3870200476931343
160,1.0,2.0729791204428313e-05,0.9342105263157895,0.3837318302207995
161,1.0,7.977310997986152e-05,0.935672514619883,0.3631759024777471
162,1.0,1.2787933614416509e-05,0.9349415204678363,0.379698317565652
163,1.0,1.2591897369771234e-05,0.9349415204678363,0.3820056161318018
164,1.0,2.2447097610179085e-05,0.9342105263157895,0.37927279322202384
165,1.0,1.917662502941519e-05,0.9349415204678363,0.3855287942028236
166,1.0,1.1564999605931288e-05,0.9342105263157895,0.3976971993404224
167,1.0,0.00011480296473033475,0.9334795321637427,0.3760092446531797
168,0.999790224459828,0.00036788274197203995,0.9334795321637427,0.3726634285196142
169,1.0,1.7118663027917587e-05,0.9342105263157895,0.39321054576971937
170,0.999790224459828,0.0005433227028541467,0.9364035087719298,0.3819598274110535
171,1.0,2.054729149933227e-05,0.9364035087719298,0.37335330883290097
172,1.0,2.9773203182810523e-05,0.9371345029239766,0.38156965999934433
173,1.0,2.213827676906482e-05,0.9364035087719298,0.38424129545185065
174,1.0,1.7568247256161724e-05,0.935672514619883,0.3816220204205101
175,1.0,9.426453124244241e-06,0.9371345029239766,0.3735081539042619
176,1.0,6.866903016244706e-05,0.935672514619883,0.378852803361613
177,1.0,5.5063427991883034e-05,0.9349415204678363,0.3724624103566004
178,1.0,2.5858992515186522e-05,0.9349415204678363,0.36984276462367977
179,1.0,0.00016087324191758797,0.9349415204678363,0.37464082002271576
180,1.0,1.9769276034351806e-05,0.9327485380116959,0.38771069498846394
181,1.0,0.00013664759926190612,0.9349415204678363,0.3788783967922723
182,1.0,1.629876849302497e-05,0.9334795321637427,0.3741569548200946
183,1.0,1.6328965199630714e-05,0.9349415204678363,0.37672512059717245
184,1.0,2.5751365597934882e-05,0.9371345029239766,0.37486825970835375
185,1.0,2.8023215199692955e-05,0.935672514619883,0.3824936962865163
186,1.0,2.6387986966579505e-05,0.9342105263157895,0.3854310233592662
187,0.999790224459828,0.00027352699239310103,0.9342105263157895,0.3745952306997551
188,1.0,7.291619338681183e-05,0.9371345029239766,0.3727051732915475
189,1.0,3.585249304928735e-05,0.9371345029239766,0.3754329667778599
190,1.0,1.946792512959084e-05,0.9349415204678363,0.37270670844821346
191,0.999790224459828,0.0002543797922564543,0.9364035087719298,0.37710651846028603
192,1.0,1.8959655683420657e-05,0.935672514619883,0.3982877592599496
193,1.0,1.2835931709364772e-05,0.9342105263157895,0.37680176131936266
194,1.0,3.846907114337154e-05,0.935672514619883,0.36744702022203224
195,1.0,1.9354341278791717e-05,0.9371345029239766,0.3685253771444306
196,1.0,2.2441496368030385e-05,0.935672514619883,0.38014869761063047
197,1.0,6.845521027376194e-05,0.9334795321637427,0.38070326552761524
198,1.0,4.0028191832844094e-05,0.9349415204678363,0.3846040906771736
199,1.0,3.194027205468626e-05,0.9364035087719298,0.3817916999484391
200,1.0,4.6519729953646274e-05,0.935672514619883,0.3761733066951206
201,1.0,0.00010088856026944897,0.935672514619883,0.3801961407217002
202,1.0,1.5842794249045793e-05,0.9371345029239766,0.3767559468085596
203,1.0,2.8724812615573743e-05,0.935672514619883,0.3752618581300255
204,1.0,1.5788210963431835e-05,0.935672514619883,0.3803104045448911
205,0.999790224459828,0.0001953487776670759,0.935672514619883,0.3755533359768844
206,1.0,1.4339028678862468e-05,0.9334795321637427,0.3676174877950553
207,1.0,5.7945696950974893e-05,0.9342105263157895,0.38330910302736515
208,1.0,5.732849885494919e-05,0.9342105263157895,0.375571959053686
209,1.0,1.777864429415493e-05,0.9371345029239766,0.38774129648308464
210,1.0,3.799371716520805e-05,0.9342105263157895,0.3798699931479817
211,1.0,8.243058803504296e-05,0.935672514619883,0.37384457174731894
212,1.0,3.0892938826924217e-05,0.9364035087719298,0.3769932904573114
213,1.0,1.2422012357714779e-05,0.9349415204678363,0.3913584934631471
214,1.0,3.461581280549922e-05,0.9364035087719298,0.3747269580801299
215,1.0,1.3694842995477265e-05,0.935672514619883,0.38270019211259476
216,1.0,2.831974798493088e-05,0.9349415204678363,0.38439773885549455
217,1.0,8.462871578283727e-06,0.9378654970760234,0.38388624653859105
218,1.0,1.8207401900027564e-05,0.9385964912280702,0.36923751988188297
219,1.0,3.613057117033026e-05,0.9371345029239766,0.3750202033552341
220,1.0,5.2391935134175045e-05,0.9342105263157895,0.3864369034891688
221,1.0,6.285054449086683e-05,0.9364035087719298,0.37280995999246314
222,1.0,2.3481434663758072e-05,0.935672514619883,0.36900788300324144
223,1.0,2.349894893046018e-05,0.9364035087719298,0.3830267950489056
224,1.0,2.3028275156333096e-05,0.9334795321637427,0.379641376661819
225,1.0,1.3311630069184936e-05,0.9364035087719298,0.3866602994886032
226,1.0,7.962879470137493e-05,0.935672514619883,0.3717447659298561
227,1.0,3.131327480790202e-05,0.9371345029239766,0.36534518945074185
228,1.0,4.1576072131661114e-05,0.9349415204678363,0.3863380755471109
229,1.0,5.712702428177516e-06,0.9334795321637427,0.37566011015536954
230,1.0,3.853758051190619e-05,0.9364035087719298,0.37339203100689405
231,1.0,9.443547514515038e-05,0.9320175438596491,0.3733656746646671
232,1.0,3.1776302824212526e-05,0.9349415204678363,0.38600911628482
233,1.0,1.3753572572824742e-05,0.9378654970760234,0.3707118687425675
234,1.0,2.2005580928982955e-05,0.935672514619883,0.3719581109282106
235,1.0,5.796771560406512e-05,0.9364035087719298,0.3778142091347078
236,1.0,2.8643307069804046e-05,0.9342105263157895,0.3822690503790888
237,1.0,1.801018411456334e-05,0.9342105263157895,0.37114472178536534
238,1.0,1.4124555514324844e-05,0.935672514619883,0.3870140838891614
239,1.0,8.167094495016597e-06,0.9334795321637427,0.39018569609453513
240,1.0,1.5647028188037355e-05,0.9342105263157895,0.37625550504145755
241,1.0,6.990879290047119e-05,0.9364035087719298,0.3764683495378555
242,1.0,7.476605204883893e-06,0.9371345029239766,0.37321063759736717
243,1.0,2.4541565661570377e-05,0.9349415204678363,0.3747660272597704
244,1.0,1.5177260935205284e-05,0.9364035087719298,0.3797409044359377
245,1.0,3.114020406404192e-05,0.9378654970760234,0.3668656871805704
246,1.0,1.6682012065931554e-05,0.9327485380116959,0.3896254376808809
247,1.0,2.9052147799987343e-05,0.9349415204678363,0.3714466178139975
248,1.0,1.2177959468854719e-05,0.9364035087719298,0.370700488470733
249,1.0,1.99960195093186e-05,0.9364035087719298,0.3734002344995239
250,0.999790224459828,0.00020102354729919928,0.9334795321637427,0.3867190343241186
251,1.0,1.954391412456495e-05,0.9378654970760234,0.37198120862960293
252,1.0,3.547829937327231e-05,0.9364035087719298,0.3848761263287215
253,1.0,1.3848225109431218e-05,0.9364035087719298,0.3753187846024196
254,1.0,1.2552726575938244e-05,0.9334795321637427,0.37836465090621524
255,1.0,1.655049294604152e-05,0.9349415204678363,0.3733282333218254
256,1.0,1.9972015218134452e-05,0.9364035087719298,0.3658226602006877
257,1.0,0.00011116762902204773,0.935672514619883,0.3705293201722291
258,1.0,2.276051880673073e-05,0.9342105263157895,0.3755694445260519
259,1.0,8.134289521650934e-06,0.9342105263157895,0.37582426526323826
260,1.0,1.1475108729980441e-05,0.9364035087719298,0.36240760270278727
261,1.0,1.1426535590221006e-05,0.9349415204678363,0.38063408947972105
262,1.0,1.696284120739711e-05,0.9342105263157895,0.3650944534117941
263,1.0,1.2079009822335003e-05,0.9349415204678363,0.3740977655072848
264,1.0,2.970908931671367e-05,0.9371345029239766,0.36157865837476283
265,1.0,1.165576554892855e-05,0.935672514619883,0.3773786771046214
266,1.0,3.916325023824936e-05,0.9364035087719298,0.37431218331073257
267,1.0,1.2779169221798442e-05,0.935672514619883,0.3785457493707559
268,1.0,1.2323891807938598e-05,0.935672514619883,0.3815585724430072
269,1.0,1.9732119910149044e-05,0.9349415204678363,0.372649775441671
270,1.0,0.00015110648002256683,0.9364035087719298,0.3808067907568414
271,1.0,1.7768873372830095e-05,0.9364035087719298,0.3833411457612677
272,1.0,6.641157037603573e-05,0.9298245614035088,0.3864872484023921
273,1.0,3.4597448471600765e-05,0.9364035087719298,0.37462550940311534
274,1.0,1.8722690449384567e-05,0.935672514619883,0.37435008909250067
275,1.0,9.164471412489566e-06,0.935672514619883,0.37557272036657346
276,1.0,3.459852436415702e-05,0.935672514619883,0.3620878421988468
277,1.0,0.0001878770809070521,0.9364035087719298,0.38143443073508826
278,1.0,1.4751831814226766e-05,0.9349415204678363,0.38685440214426625
279,1.0,2.4930962897374628e-05,0.9349415204678363,0.37754811545519895
280,1.0,1.6905773857511947e-05,0.9364035087719298,0.3840452819808148
281,1.0,2.798992792861173e-05,0.9334795321637427,0.3789291332318816
282,1.0,0.00011523208526655832,0.9349415204678363,0.38777903342337977
283,1.0,3.86440613925857e-05,0.9342105263157895,0.37966342200525105
284,1.0,2.2019507836705468e-05,0.935672514619883,0.38946965190332905
285,1.0,2.068849363124612e-05,0.9342105263157895,0.3875882161109773
286,1.0,5.545653362480836e-05,0.9327485380116959,0.3904077926201226
287,1.0,9.813838951475606e-06,0.9364035087719298,0.37500551441104996
288,1.0,4.060001945300434e-05,0.9378654970760234,0.38189464013449587
289,1.0,1.6405839738007787e-05,0.9364035087719298,0.3787531609427682
290,1.0,4.528991150632251e-05,0.935672514619883,0.37742463241569524
291,1.0,1.0444102581337368e-05,0.9385964912280702,0.38915937593975647
292,1.0,1.4557336013643138e-05,0.9342105263157895,0.3666680268726723
293,1.0,1.3357424767485362e-05,0.935672514619883,0.3791145140380967
294,1.0,1.9609945869302195e-05,0.9342105263157895,0.39309458859633045
295,1.0,9.236041263733531e-05,0.9327485380116959,0.37728821973554616
296,1.0,8.962963783532231e-05,0.9334795321637427,0.38109724943764334
297,1.0,2.7260004919799336e-05,0.935672514619883,0.37651688654820414
298,1.0,2.466070317123562e-05,0.9334795321637427,0.3810301536970317
299,1.0,2.333688872116323e-05,0.9364035087719298,0.37490975213247935
300,1.0,1.2232317734644873e-05,0.9342105263157895,0.37930295621532256
301,1.0,1.636394211844761e-05,0.9364035087719298,0.37619530393871975
302,1.0,1.4252634850097381e-05,0.935672514619883,0.393298399124327
303,1.0,2.113407512810007e-05,0.9349415204678363,0.4053713896096587
304,1.0,1.805327698832189e-05,0.9342105263157895,0.3764053166649023
305,1.0,1.5921142290156565e-05,0.9378654970760234,0.36540881053782825
306,1.0,3.445862976821677e-05,0.9364035087719298,0.3800308221008975
307,1.0,2.5357587316996206e-05,0.9371345029239766,0.3699119861378486
308,1.0,4.862745709948932e-05,0.9364035087719298,0.3692953170623717
309,1.0,1.531922522367922e-05,0.9364035087719298,0.3704936217522075
310,1.0,2.2227565985085736e-05,0.935672514619883,0.38944408548779264
311,1.0,3.709772476054698e-05,0.9364035087719298,0.3752952714201583
312,1.0,1.5768772352245814e-05,0.935672514619883,0.37905945965809057
313,1.0,3.494813951123885e-05,0.9349415204678363,0.37270163582518784
314,1.0,1.678079718356262e-05,0.935672514619883,0.37341906296408756
315,1.0,0.00010130013992289794,0.9364035087719298,0.3749695352784921
316,1.0,1.0876609671822429e-05,0.935672514619883,0.3830630280792193
317,1.0,3.145128798205283e-05,0.9364035087719298,0.3726585652560082
318,1.0,1.3223799838126692e-05,0.9349415204678363,0.3747884878146917
319,1.0,1.9291837214883502e-05,0.9371345029239766,0.39312981208515635
320,1.0,3.4408664407616116e-05,0.9342105263157895,0.3940381617583118
321,1.0,3.0743678002755474e-05,0.9334795321637427,0.36990217929354025
322,0.999790224459828,0.0001812314267447881,0.9334795321637427,0.36265221227577693
323,1.0,1.1370808666903495e-05,0.9334795321637427,0.38483902169960055
324,0.999790224459828,0.0004725432905286274,0.935672514619883,0.3709789083561275
325,1.0,1.2235728486272313e-05,0.9371345029239766,0.3740877217429062
326,1.0,3.7668029694300735e-05,0.9371345029239766,0.3865595971921805
327,1.0,1.4028371406189556e-05,0.935672514619883,0.38192087102026223
328,1.0,2.234388951871594e-05,0.939327485380117,0.37341655500850446
329,1.0,1.6784807979660548e-05,0.9320175438596491,0.39492320197466546
330,1.0,1.4287448046515476e-05,0.9371345029239766,0.3719386244233329
331,1.0,8.675410076678924e-05,0.9371345029239766,0.38146331227860997
332,1.0,1.864785396655434e-05,0.935672514619883,0.37097798535183374
333,1.0,2.4420740117530664e-05,0.9364035087719298,0.38290099043610265
334,1.0,1.4718605836374051e-05,0.9342105263157895,0.3750299658060485
335,1.0,2.7759624497914288e-05,0.9364035087719298,0.3714638956345964
336,1.0,0.00013139593921251746,0.9349415204678363,0.36818954814225435
337,1.0,4.8445990846661116e-05,0.9349415204678363,0.38329852008271614
338,1.0,6.248835013792014e-05,0.9349415204678363,0.3807940610852309
339,1.0,1.8953472137289147e-05,0.9342105263157895,0.3774055010587692
340,1.0,5.623169564324788e-05,0.9371345029239766,0.38707760650242223
341,0.999790224459828,0.00026181984219496274,0.935672514619883,0.37145277082671
342,1.0,9.049281790806547e-06,0.9349415204678363,0.37703971510623085
343,1.0,5.967698670271462e-05,0.935672514619883,0.37274816529933624
344,1.0,6.516438286432685e-05,0.9364035087719298,0.35853655884843755
345,1.0,8.998219747455312e-06,0.9371345029239766,0.37985142619284085
346,1.0,1.512399307401992e-05,0.935672514619883,0.37619016663886085
347,1.0,1.031456345392156e-05,0.9364035087719298,0.3793223410666119
348,0.999790224459828,0.0007275226448319583,0.9364035087719298,0.37435123621659394
349,1.0,1.4179771116211223e-05,0.9327485380116959,0.3920952129356433
350,1.0,1.477477069970244e-05,0.9334795321637427,0.3871367311343377
351,1.0,2.986573297480604e-05,0.9342105263157895,0.362343323002786
352,1.0,2.406598666568133e-05,0.9378654970760234,0.36881987674454186
353,1.0,7.144759929482669e-05,0.9371345029239766,0.3831267909209114
354,1.0,2.475846804830649e-05,0.9342105263157895,0.37967658194518367
355,1.0,3.159216428291178e-05,0.935672514619883,0.3812613254927402
356,1.0,2.7171683520781693e-05,0.9342105263157895,0.3718554091431352
357,1.0,4.735429418256814e-05,0.9364035087719298,0.38496033975388855
358,1.0,1.7862034666978194e-05,0.935672514619883,0.37649989445953697
359,1.0,7.783687764406707e-05,0.9371345029239766,0.37704598715496357
360,1.0,0.00010729856542382659,0.9349415204678363,0.3894602806066423
361,1.0,1.4112417471664376e-05,0.935672514619883,0.3763939433292551
362,1.0,0.00018915627817062727,0.9378654970760234,0.3686575455601912
363,1.0,2.0883293491473732e-05,0.9349415204678363,0.3731509945219989
364,1.0,0.00013932180845830278,0.9349415204678363,0.382301295884116
365,1.0,3.135382877684264e-05,0.9342105263157895,0.38299530752403876
366,0.999790224459828,0.0007062895079529606,0.9349415204678363,0.36697200992480355
367,1.0,4.736933083558258e-05,0.9385964912280702,0.3709894952169338
368,1.0,2.5528936152382177e-05,0.9371345029239766,0.3873702069341075
369,1.0,7.390407365360047e-06,0.9327485380116959,0.37973025430340407
370,1.0,2.8857759264842603e-05,0.9342105263157895,0.3723138976858409
371,1.0,3.0003999394017874e-05,0.9371345029239766,0.3826741934564441
372,1.0,3.430359732576852e-05,0.9349415204678363,0.3657660325217537
373,1.0,2.22283757256914e-05,0.9342105263157895,0.3732489125781454
374,1.0,1.1791660817407502e-05,0.935672514619883,0.3771591798028757
375,1.0,0.00010448104989635666,0.9371345029239766,0.3820139959746928
376,1.0,2.1843593321512117e-05,0.9349415204678363,0.3778132270983702
377,1.0,3.01027796721376e-05,0.9349415204678363,0.38361746710210737
378,1.0,1.7121848758195228e-05,0.9371345029239766,0.3891605027656201
379,1.0,3.6430400181440606e-05,0.935672514619883,0.3745424070525481
380,1.0,2.9385952038239412e-05,0.9364035087719298,0.37146812607669594
381,1.0,0.00016765481151019565,0.9349415204678363,0.3815082717906186
382,1.0,8.704458952139102e-06,0.935672514619883,0.37372366810314966
383,1.0,2.321322424587385e-05,0.9349415204678363,0.3812618713330499
384,1.0,0.000101800937033274,0.9334795321637427,0.3773559925686514
385,1.0,2.2684605633247388e-05,0.9334795321637427,0.3805610693322473
386,1.0,3.771319288625208e-05,0.9364035087719298,0.3760797153213495
387,1.0,2.067077692834347e-05,0.9349415204678363,0.3786492786088655
388,1.0,1.9229177495000975e-05,0.9349415204678363,0.39442157555441915
389,1.0,1.7052528035693717e-05,0.9334795321637427,0.3810093478072261
390,1.0,1.4508491068111182e-05,0.9334795321637427,0.3776634980824256
391,1.0,2.061926968828947e-05,0.9364035087719298,0.36916308163199574
392,1.0,4.797829119555497e-05,0.935672514619883,0.3759894000886138
393,1.0,1.6974551794033236e-05,0.9364035087719298,0.4036761314139788
394,1.0,6.838979227352212e-05,0.9349415204678363,0.37452157188293544
395,1.0,1.577519864037683e-05,0.935672514619883,0.3706011202397518
396,1.0,2.3990825158286052e-05,0.9342105263157895,0.37411890803500575
397,1.0,2.8265548600168377e-05,0.9349415204678363,0.37828200810783824
398,1.0,1.9810146959144003e-05,0.9364035087719298,0.37335786901463125
399,0.999790224459828,0.0006201556022999541,0.935672514619883,0.3942548803725215
400,1.0,7.442208167146766e-06,0.9342105263157895,0.3985293972140806
401,1.0,2.3982787446975208e-05,0.939327485380117,0.3653204264214024
402,1.0,1.0646169133320386e-05,0.9349415204678363,0.38716474397048395
403,1.0,1.3648957162679427e-05,0.9371345029239766,0.3713277316500628
404,1.0,1.4380235919840602e-05,0.9349415204678363,0.3851709504027006
405,1.0,1.5152846129624612e-05,0.9371345029239766,0.38207681327083604
406,1.0,1.1354334802435548e-05,0.9364035087719298,0.3843909940482009
407,1.0,6.677673189602843e-05,0.9342105263157895,0.3732523557291431
408,1.0,5.5865974401369644e-05,0.9371345029239766,0.36751649478926907
409,1.0,1.2271032850268307e-05,0.9349415204678363,0.3579748861158678
410,1.0,1.597224707899578e-05,0.9385964912280702,0.37903096895193855
411,1.0,1.2478521599838596e-05,0.935672514619883,0.37859544494774106
412,1.0,5.41660919362686e-05,0.9342105263157895,0.3734637589578322
413,1.0,1.14754627898968e-05,0.9349415204678363,0.3806532912124165
414,1.0,7.09034252486773e-05,0.9349415204678363,0.3722152530099265
415,1.0,1.3821927093019421e-05,0.9364035087719298,0.37359101140904133
416,1.0,1.1523970604550731e-05,0.9364035087719298,0.3725681242933713
417,1.0,2.696942985628676e-05,0.9334795321637427,0.3965937595470635
418,1.0,5.404155158644152e-05,0.935672514619883,0.37311281883130715
419,1.0,3.8770605931251534e-05,0.9334795321637427,0.38625741951156756
420,0.999790224459828,0.0003289042859721301,0.935672514619883,0.37930025366205333
421,1.0,7.171253991292427e-05,0.9342105263157895,0.3768473192507964
422,1.0,2.2963228955925067e-05,0.9342105263157895,0.38057884509095835
423,0.999790224459828,0.0007627025274036255,0.9371345029239766,0.38105145532659496
424,1.0,4.1446861256105004e-05,0.9349415204678363,0.36844319301836065
425,1.0,1.4922433819411775e-05,0.9371345029239766,0.37726037053602507
426,0.999790224459828,0.0004084290249842915,0.9385964912280702,0.3743309175113736
427,1.0,4.193163693576056e-05,0.9349415204678363,0.37159366920579573
428,1.0,2.7545752187055183e-05,0.9349415204678363,0.3712340713543601
429,1.0,1.88494349971514e-05,0.9349415204678363,0.37397352336949213
430,1.0,4.7595767031240736e-05,0.9385964912280702,0.37325352040216936
431,1.0,1.6850104196499698e-05,0.9342105263157895,0.3792734041777548
432,1.0,1.2384860273591248e-05,0.9378654970760234,0.3764822202555965
433,1.0,3.9936353225157476e-05,0.9349415204678363,0.3834541014254873
434,1.0,1.316860360115267e-05,0.9378654970760234,0.3709275750267363
435,1.0,2.886961422117315e-05,0.9349415204678363,0.3807107242701445
436,1.0,8.555658969775042e-05,0.935672514619883,0.38133723141360204
437,1.0,1.2068304147992452e-05,0.9371345029239766,0.3804088331715659
438,1.0,9.010722737149148e-05,0.9371345029239766,0.3827004341820125
439,1.0,1.1574221292409107e-05,0.9364035087719298,0.37848344705809384
440,1.0,1.50933535907532e-05,0.9364035087719298,0.38937153759260856
441,0.999790224459828,0.00031290935083496687,0.9378654970760234,0.37167193505474433
442,1.0,2.2790110628400897e-05,0.9342105263157895,0.3796543997474188
443,1.0,2.9656923166632452e-05,0.935672514619883,0.3706717126553358
444,1.0,8.789707530983937e-06,0.9342105263157895,0.371408635177812
445,1.0,4.2369721074080356e-05,0.9349415204678363,0.3781306636864915
446,1.0,2.7475463644689157e-05,0.935672514619883,0.377361036816796
447,1.0,2.0774712446754527e-05,0.9349415204678363,0.38448096141164995
448,1.0,4.701948099423226e-05,0.9312865497076024,0.37501195783125846
449,1.0,2.0506831894472698e-05,0.9349415204678363,0.37920787163907227
450,1.0,4.211475362523816e-05,0.9371345029239766,0.37294241262946365
451,1.0,3.212612524757849e-05,0.9364035087719298,0.368501428624366
452,0.999790224459828,0.0012964027981965864,0.9349415204678363,0.37728436405331894
453,1.0,2.4949662792090103e-05,0.9342105263157895,0.37417414828560985
454,1.0,2.185778071515531e-05,0.9371345029239766,0.3729810053645092
455,1.0,2.7944203396835645e-05,0.9334795321637427,0.3647843287299322
456,1.0,1.3920246851892248e-05,0.9342105263157895,0.40499495178918615
457,1.0,2.142919167405406e-05,0.9327485380116959,0.3935665677187878
458,1.0,3.201371084177658e-05,0.9371345029239766,0.37044680519787554
459,1.0,3.561872725204134e-05,0.9371345029239766,0.38038820900743137
460,1.0,4.995273215379882e-05,0.9364035087719298,0.35787142043240194
461,1.0,2.2805448118151923e-05,0.9364035087719298,0.38305909158851476
462,0.999790224459828,0.00017099603720199845,0.9342105263157895,0.3713867349785666
463,1.0,5.926208824110522e-05,0.935672514619883,0.37272069891264964
464,1.0,4.3784739406397885e-05,0.9342105263157895,0.39176416918527074
465,1.0,2.147343706834949e-05,0.9312865497076024,0.3812242822009572
466,1.0,4.403801882143786e-05,0.9342105263157895,0.3783042230643332
467,1.0,2.1066696490570148e-05,0.9342105263157895,0.37307970967214166
468,1.0,1.5955206234996653e-05,0.935672514619883,0.3631345363588311
469,1.0,3.5524425549201076e-05,0.9334795321637427,0.3817631483232321
470,1.0,3.122453240897531e-05,0.9342105263157895,0.3783094636604547
471,1.0,3.468326321547545e-05,0.9364035087719298,0.37320358110564694
472,1.0,8.42881247276423e-06,0.9371345029239766,0.37388925410693424
473,1.0,6.22117995544308e-05,0.9342105263157895,0.3833151794699302
474,1.0,3.573702437410516e-05,0.935672514619883,0.3759629595239625
475,0.999790224459828,0.00043110424117888353,0.9320175438596491,0.3892748787549736
476,1.0,7.807198386864375e-05,0.9349415204678363,0.3829183302424458
477,1.0,1.4605659134300954e-05,0.9342105263157895,0.3811499624686359
478,1.0,3.133971799782759e-05,0.9327485380116959,0.39261870058578285
479,1.0,2.5930953770336642e-05,0.9342105263157895,0.3775618730537962
480,1.0,4.241482700906743e-05,0.935672514619883,0.37702566127260323
481,1.0,3.4830488408144884e-05,0.9378654970760234,0.36762131908015067
482,1.0,1.9993513667532476e-05,0.9349415204678363,0.3694086143703655
483,1.0,4.9713866764633296e-05,0.935672514619883,0.3849363387359285
484,1.0,2.3440777461064805e-05,0.9364035087719298,0.37093083920812797
485,1.0,2.3110909014210225e-05,0.9334795321637427,0.38360744725024803
486,1.0,1.9361832990752428e-05,0.9364035087719298,0.3654462518630723
487,1.0,1.892021309373413e-05,0.9371345029239766,0.3650917265277226
488,1.0,3.1823321005954284e-05,0.935672514619883,0.38906500055481746
489,1.0,1.2145642434055563e-05,0.9334795321637427,0.3735017354564936
490,1.0,6.42821633098967e-05,0.9349415204678363,0.38458973660707735
491,0.999790224459828,0.0008199416370354281,0.9342105263157895,0.38072418320252627
492,1.0,2.2582296048538703e-05,0.9364035087719298,0.36920191516942713
493,1.0,1.7019894847717844e-05,0.9364035087719298,0.3731031522106076
494,1.0,2.9119724029246968e-05,0.9342105263157895,0.3876111113728934
495,0.999790224459828,0.00025054559750206933,0.9327485380116959,0.36416014610129127
496,1.0,5.47980137544195e-05,0.9371345029239766,0.37689675253729316
497,1.0,2.1268187998314246e-05,0.9342105263157895,0.37123564308303475
498,1.0,2.7981169180278102e-05,0.935672514619883,0.3798427923168272
499,1.0,2.4206963780918752e-05,0.9349415204678363,0.374570379544017
500,1.0,1.4038889967257196e-05,0.9349415204678363,0.39646018922686316
501,1.0,1.2340145494573829e-05,0.9334795321637427,0.38604654904812313
502,0.999790224459828,0.0009603627650543809,0.9364035087719298,0.37542427542245793
503,1.0,6.056945625003502e-05,0.9371345029239766,0.3746582660796987
504,1.0,3.679475760282308e-05,0.9349415204678363,0.39544972604368056
505,1.0,0.0001276006127923302,0.9334795321637427,0.36976555707799486
506,1.0,2.4633839786364837e-05,0.9349415204678363,0.389285673247921
507,0.999790224459828,0.0002615291122792952,0.935672514619883,0.3696924584726857
508,1.0,2.762638427646917e-05,0.9364035087719298,0.3782148212343346
509,1.0,3.718332740159717e-05,0.9349415204678363,0.36568453794935457
510,1.0,2.9987947336330335e-05,0.9334795321637427,0.3674272834742983
511,1.0,1.889038173656738e-05,0.9371345029239766,0.38871955616551257
512,1.0,1.9380306204595473e-05,0.9349415204678363,0.39028616204078115
513,1.0,1.5322275461182513e-05,0.9378654970760234,0.36402591197686485
514,1.0,1.6924570483703347e-05,0.9364035087719298,0.37727079705909156
515,1.0,5.699239766398407e-05,0.9364035087719298,0.3703328664671781
516,1.0,4.730905275270847e-05,0.9349415204678363,0.36876489005598434
517,1.0,1.3864707038034653e-05,0.935672514619883,0.392477104089055
518,1.0,1.6596744131711848e-05,0.935672514619883,0.36837558443441465
519,1.0,3.778291041473018e-05,0.9364035087719298,0.37911714919637024
520,1.0,4.519930124714902e-05,0.9364035087719298,0.38228011268548406
521,1.0,5.03453151647069e-05,0.9371345029239766,0.3815087481228591
522,1.0,4.329876201948067e-05,0.935672514619883,0.37731076399985225
523,1.0,3.3578947331470345e-05,0.9378654970760234,0.3643170428911744
524,1.0,1.6568342722630465e-05,0.935672514619883,0.37563384623269463
525,1.0,1.2826156754827696e-05,0.9349415204678363,0.3687937527605289
526,1.0,2.2414395061787218e-05,0.9342105263157895,0.3898066516943969
527,1.0,2.2579420015704e-05,0.9327485380116959,0.37668256973577013
528,1.0,2.6252714334205793e-05,0.935672514619883,0.372272607529276
529,1.0,2.798524449899743e-05,0.9349415204678363,0.37633940100339563
530,1.0,1.932407198085109e-05,0.9364035087719298,0.37028848370374723
531,1.0,2.3330472899851272e-05,0.9371345029239766,0.37876096962907807
532,1.0,1.2991137352565792e-05,0.9334795321637427,0.3736131884777637
533,1.0,1.3253957027492844e-05,0.935672514619883,0.3655922966982173
534,1.0,2.6933447213726952e-05,0.9364035087719298,0.38706399187402324
535,1.0,1.2232391936288956e-05,0.9364035087719298,0.3756695114249407
536,1.0,2.4222804539315028e-05,0.9342105263157895,0.38982423548830325
537,1.0,4.154262597731093e-05,0.9342105263157895,0.3683796823972316
538,1.0,4.331172432032707e-05,0.9364035087719298,0.3786206301247571
539,1.0,3.680799412090006e-05,0.9364035087719298,0.3735466591315344
540,1.0,1.884289819931013e-05,0.9349415204678363,0.3597702617692046
541,1.0,2.256266387292198e-05,0.9342105263157895,0.37218750639667
542,1.0,1.771580069000888e-05,0.9364035087719298,0.36927331391272544
543,1.0,1.0496949440896927e-05,0.9378654970760234,0.3637860785184298
544,1.0,1.558210861187658e-05,0.9400584795321637,0.37090119504813795
545,1.0,0.00018487025466055876,0.9342105263157895,0.3808441457750146
546,1.0,5.785080004031424e-05,0.9320175438596491,0.3717234415993051
547,0.999790224459828,0.000739199432185056,0.9342105263157895,0.3813919050830178
548,1.0,4.1170093723031344e-05,0.9334795321637427,0.3679228090562013
549,1.0,1.3527079923067919e-05,0.9349415204678363,0.38026499101448114
550,1.0,2.651895201001294e-05,0.9349415204678363,0.37995701866511383
551,1.0,2.8295125904401328e-05,0.9342105263157895,0.37353194449340577
552,0.999790224459828,0.0006554492082489792,0.935672514619883,0.38457216081063283
553,0.999790224459828,0.0002638920036802028,0.9371345029239766,0.36902283447480566
554,1.0,3.2895940882291514e-05,0.935672514619883,0.3725431796710202
555,1.0,1.501376029116593e-05,0.935672514619883,0.37598305814737065
556,1.0,1.0615066710001974e-05,0.9349415204678363,0.3716198294409984
557,1.0,1.0660499282724554e-05,0.935672514619883,0.3638599214122392
558,1.0,2.2083532987011458e-05,0.9364035087719298,0.37070437885690916
559,1.0,5.0880150391265414e-05,0.9349415204678363,0.38145776202517756
560,1.0,3.343439493810121e-05,0.9342105263157895,0.3855449697801432
561,1.0,6.096126662058722e-05,0.9342105263157895,0.37120181663763213
562,1.0,2.336093334847555e-05,0.9371345029239766,0.37164186119091114
563,1.0,3.333329512669718e-05,0.935672514619883,0.3798185187895501
564,1.0,9.975700515570258e-05,0.9349415204678363,0.38296121023297525
565,1.0,2.189043810164164e-05,0.9385964912280702,0.3740781935765733
566,1.0,4.701214090388912e-05,0.9342105263157895,0.3633940910628109
567,1.0,1.0566395981155841e-05,0.935672514619883,0.37785498232060916
568,1.0,0.00012598625555817716,0.935672514619883,0.3847048501253973
569,1.0,1.6296869149154125e-05,0.9349415204678363,0.35942151486537915
570,1.0,1.4177211236553235e-05,0.9342105263157895,0.3774532995289625
571,1.0,9.45551827981218e-06,0.9349415204678363,0.378116246039416
572,1.0,1.8390825855461317e-05,0.9364035087719298,0.3851219867843442
573,1.0,8.51713725827624e-05,0.935672514619883,0.37755943353417826
574,1.0,4.300500848371759e-05,0.9371345029239766,0.3753409927486182
575,1.0,1.9269316102594493e-05,0.9349415204678363,0.3769460112387098
576,1.0,3.49865820233744e-05,0.9364035087719298,0.38013620252807645
577,1.0,3.63206384023923e-05,0.9364035087719298,0.36798226220538666
578,1.0,7.309105055032247e-06,0.9334795321637427,0.3913641737592623
579,1.0,0.00010635957047665728,0.9349415204678363,0.3823499321060385
580,1.0,1.553185308431611e-05,0.9378654970760234,0.37333294859177674
581,0.999790224459828,0.0006919040095228118,0.935672514619883,0.36791695643833644
582,1.0,2.9180803795076748e-05,0.9371345029239766,0.37021151580577066
583,1.0,1.0475160645806596e-05,0.9327485380116959,0.38693580445616915
584,1.0,1.259204576695541e-05,0.9364035087719298,0.375660389117615
585,1.0,6.004871808892138e-05,0.9334795321637427,0.38319733516627186
586,1.0,3.909152448748183e-05,0.9364035087719298,0.37114598499719315
587,1.0,1.5407387727219925e-05,0.9364035087719298,0.37827745370761773
588,1.0,0.00010871834058358316,0.9378654970760234,0.3709840404795656
589,1.0,3.6084717597126376e-05,0.9349415204678363,0.3686575750024383
590,1.0,1.2604150744295075e-05,0.935672514619883,0.3858147074609215
591,1.0,1.6521896366416727e-05,0.9364035087719298,0.3700323241470425
592,1.0,3.890952885074927e-05,0.9364035087719298,0.40194699285297414
593,1.0,5.0306858135563316e-05,0.9371345029239766,0.3908648563584118
594,1.0,1.4121347200042441e-05,0.935672514619883,0.3772553146402568
595,1.0,1.1683373346819744e-05,0.9327485380116959,0.3649498803140379
596,1.0,2.6417486845545663e-05,0.9320175438596491,0.37221527394640996
597,1.0,0.00011825267477086026,0.9349415204678363,0.37841382445794597
598,1.0,5.679785911724484e-05,0.935672514619883,0.3655877860633895
599,1.0,1.452194212660343e-05,0.9378654970760234,0.3779078247093292
600,1.0,5.3715443915438754e-05,0.935672514619883,0.3727348780362369
601,1.0,1.8030797010830165e-05,0.9364035087719298,0.37220036424696445
602,1.0,1.7031238473079778e-05,0.9342105263157895,0.37158826179531684
603,1.0,1.0883867494859998e-05,0.9364035087719298,0.3698839801729137
604,1.0,3.643687729750707e-05,0.9349415204678363,0.37946234227071496
605,1.0,2.2565123741734725e-05,0.9342105263157895,0.37294066080087146
606,1.0,0.00016463090409368477,0.9334795321637427,0.3725361041481022
607,1.0,3.22469524030719e-05,0.9364035087719298,0.3695045247305791
608,1.0,1.2343247348762693e-05,0.9378654970760234,0.372876001002137
609,1.0,6.865585816813597e-05,0.9349415204678363,0.3858173104127609
610,1.0,3.608783316660216e-05,0.9371345029239766,0.37139804830346906
611,1.0,2.4254877998156867e-05,0.9342105263157895,0.3760774581541502
612,1.0,0.00010909873473591255,0.9342105263157895,0.3771564764259004
613,1.0,1.6559776735289692e-05,0.9349415204678363,0.382639322995728
614,1.0,1.4126458081866088e-05,0.9364035087719298,0.3627322686911929
615,1.0,2.1354244704594298e-05,0.9334795321637427,0.3747839607842548
616,1.0,5.2265440594446346e-05,0.9364035087719298,0.3675855709710916
617,1.0,3.807748578997265e-05,0.9334795321637427,0.3852991587563613
618,1.0,8.05672218621417e-05,0.9342105263157895,0.3803452286939678
619,1.0,2.5792572019452184e-05,0.9342105263157895,0.3699187392201058
620,1.0,2.9103584873326253e-05,0.935672514619883,0.3779080542153679
621,1.0,0.0002091678371965485,0.9349415204678363,0.38030420838270423
622,1.0,4.120730629694553e-05,0.9364035087719298,0.3712917469647648
623,1.0,3.098982057014269e-05,0.9371345029239766,0.37333627879960724
624,1.0,2.5868028705184124e-05,0.9385964912280702,0.375779096761361
625,1.0,1.8984983462787386e-05,0.935672514619883,0.3808228485435139
626,1.0,1.4797126472416457e-05,0.9342105263157895,0.3754232955330355
627,1.0,4.066509388437207e-05,0.9378654970760234,0.373575993879904
628,1.0,6.613749014687168e-05,0.9342105263157895,0.37256880549491966
629,1.0,1.436528959674122e-05,0.9364035087719298,0.37053403385839057
630,1.0,9.740604211467278e-06,0.9385964912280702,0.3763695511977773
631,1.0,4.8513217557183146e-05,0.9364035087719298,0.3717094585705592
632,1.0,4.1014679997437845e-05,0.9364035087719298,0.3899607988098788
633,1.0,0.00017868033439952453,0.9378654970760234,0.38448635274057036
634,1.0,2.3056218462394382e-05,0.9378654970760234,0.39132058700319206
635,1.0,2.227855544187083e-05,0.9327485380116959,0.37868015400843347
636,1.0,1.721806916142571e-05,0.9364035087719298,0.39485448203591067
637,1.0,2.9209160035385603e-05,0.9364035087719298,0.3663172827909029
638,1.0,2.5010673991785752e-05,0.9364035087719298,0.37159421820420946
639,1.0,4.05733520581378e-05,0.9349415204678363,0.37743999134900785
640,1.0,4.8775762209915775e-05,0.9334795321637427,0.37991211576614703
641,1.0,5.417719118848242e-05,0.9371345029239766,0.3800532122462078
642,1.0,2.5405183766647283e-05,0.9349415204678363,0.37960317201349275
643,1.0,1.4870574133184108e-05,0.935672514619883,0.37781370599986985
644,1.0,1.7606760739976222e-05,0.935672514619883,0.38551714221085964
645,1.0,2.587366301570562e-05,0.9342105263157895,0.3717152417020136
646,1.0,6.734421000122124e-05,0.9334795321637427,0.37231946400052673
647,1.0,5.58505209800381e-05,0.9364035087719298,0.3838772505933289
648,1.0,2.7337884375810972e-05,0.9349415204678363,0.3637957264057382
649,1.0,3.9853030603204e-05,0.9364035087719298,0.37337748469449145
650,0.999790224459828,0.00031510750116485844,0.935672514619883,0.37656406121231006
651,1.0,1.0371055759758552e-05,0.935672514619883,0.36642820392478104
652,1.0,1.7875299409147893e-05,0.9342105263157895,0.3724056048410793
653,1.0,2.2396734006493387e-05,0.9327485380116959,0.3806237045088025
654,1.0,2.845374713664288e-05,0.935672514619883,0.3715796883848799
655,0.999790224459828,0.00020129455712880457,0.9364035087719298,0.37160516520528947
656,1.0,1.8173294408169136e-05,0.9327485380116959,0.3927899059206031
657,1.0,1.77766941448571e-05,0.935672514619883,0.3656597292310623
658,0.999790224459828,0.00018829817985069835,0.9349415204678363,0.38352022425347376
659,1.0,1.5451135496677668e-05,0.9342105263157895,0.3802611182543969
660,1.0,4.966123927660735e-05,0.9371345029239766,0.38484019110910594
661,1.0,1.5700936420283894e-05,0.9342105263157895,0.3661738720338055
662,1.0,1.664136938272606e-05,0.9342105263157895,0.38573187363041606
663,1.0,2.1094984178669606e-05,0.9327485380116959,0.3744707545400922
664,1.0,4.0657494905064975e-05,0.9342105263157895,0.3803305490305214
665,1.0,4.783822060228019e-05,0.9349415204678363,0.3806722932454567
666,1.0,7.094051766552299e-05,0.9371345029239766,0.3834364251748031
667,1.0,2.110400423925173e-05,0.9334795321637427,0.38113204473331785
668,1.0,1.137155227267106e-05,0.935672514619883,0.3735919314285004
669,0.999790224459828,0.0005252900670281493,0.9364035087719298,0.36793052595173725
670,1.0,2.6516168729614836e-05,0.9342105263157895,0.37188159458360875
671,1.0,3.137861699695155e-05,0.935672514619883,0.36233614353046123
672,1.0,8.183447142000171e-05,0.9349415204678363,0.37751042681237207
673,1.0,9.407375099018714e-05,0.9342105263157895,0.3838865917506303
674,1.0,1.0391403313235134e-05,0.9364035087719298,0.36590533673378833
675,1.0,0.0001063379131420828,0.9349415204678363,0.37047791152618564
676,1.0,5.3763814620523645e-05,0.9364035087719298,0.3825780064501085
677,1.0,1.6367271409640826e-05,0.9342105263157895,0.37782313451062627
678,1.0,1.0678034520833229e-05,0.9364035087719298,0.37826224796333197
679,1.0,2.7312884040478844e-05,0.9364035087719298,0.37917781464869244
680,1.0,3.559240503940808e-05,0.9349415204678363,0.3746401687155391
681,1.0,9.03226837852576e-06,0.9342105263157895,0.37451093673278296
682,1.0,2.5736077294145648e-05,0.9334795321637427,0.38698436062225294
683,1.0,3.262865396166508e-05,0.9342105263157895,0.3818310186670292
684,1.0,1.7454277084707794e-05,0.9349415204678363,0.38606654340672025
685,1.0,5.291235794669432e-05,0.935672514619883,0.38039415714000674
686,1.0,2.0713370570197886e-05,0.9364035087719298,0.38114990846952423
687,1.0,2.247151160831616e-05,0.9378654970760234,0.3732063539169166
688,1.0,1.3066250464466151e-05,0.9349415204678363,0.3720749112138481
689,1.0,3.399534913517485e-05,0.9349415204678363,0.37779133131343134
690,1.0,2.8409935658302077e-05,0.935672514619883,0.3873411181374713
691,1.0,0.0001634035753957371,0.9364035087719298,0.3789989077188291
692,1.0,4.0874077105412125e-05,0.9349415204678363,0.3822109060399884
693,1.0,4.764365544147132e-05,0.9371345029239766,0.3817868886791646
694,1.0,3.285212698524416e-05,0.9349415204678363,0.36780673335035613
695,1.0,1.6501573811073462e-05,0.9327485380116959,0.3822910714390969
696,1.0,3.9128960470529114e-05,0.9342105263157895,0.3763647880594701
697,1.0,0.00011336723430044699,0.9334795321637427,0.3820654512951584
698,1.0,2.292763021626727e-05,0.935672514619883,0.38263783537035506
699,1.0,2.7947774643757992e-05,0.9385964912280702,0.38267927193949214
700,1.0,2.9542903784991514e-05,0.9349415204678363,0.3811631133687834
701,1.0,1.951142450780514e-05,0.9349415204678363,0.37724689948968154
702,1.0,1.971339022585784e-05,0.9364035087719298,0.3687364679198106
703,1.0,5.5098872688927714e-05,0.9371345029239766,0.3825503741309783
704,1.0,4.009861103076212e-05,0.9342105263157895,0.3871832120687116
705,1.0,7.702456918311797e-05,0.9364035087719298,0.37909207484674057
706,0.999790224459828,0.00031472256874536507,0.9349415204678363,0.3785204001659051
707,1.0,7.270584393038447e-05,0.935672514619883,0.3805520535923194
708,1.0,2.0279060108133985e-05,0.9349415204678363,0.37957400952866516
709,1.0,6.181104977533336e-05,0.935672514619883,0.39404114010624675
710,1.0,1.6680435329063714e-05,0.935672514619883,0.36820006410612965
711,1.0,8.343904484730431e-05,0.9334795321637427,0.3751934280532391
712,1.0,7.969366104653518e-05,0.935672514619883,0.37148328133734204
713,1.0,7.850371509491178e-05,0.9385964912280702,0.37101901402740284
714,1.0,0.00014317658384859763,0.935672514619883,0.38409880626957515
715,1.0,4.3405200959636046e-05,0.9342105263157895,0.37833587846415506
716,1.0,4.888254149908783e-05,0.9364035087719298,0.3903723209663186
717,1.0,1.4979237437960395e-05,0.935672514619883,0.3779378562954493
718,1.0,2.6855325804656684e-05,0.9364035087719298,0.38476827842871075
719,1.0,0.00011800246405579898,0.9364035087719298,0.3854065524064936
720,1.0,0.00015245463104622482,0.9364035087719298,0.37781819340307266
721,1.0,1.7182331694068932e-05,0.935672514619883,0.3728769002076195
722,1.0,1.0972675222516449e-05,0.9364035087719298,0.3866746020557489
723,1.0,4.1096420238048286e-05,0.9349415204678363,0.3839444625164317
724,1.0,1.5243697563597843e-05,0.9371345029239766,0.37791529128349627
725,1.0,1.4113756285633833e-05,0.935672514619883,0.37268272710173544
726,1.0,0.00012754725784721788,0.935672514619883,0.37915185411720603
727,1.0,3.10358564153934e-05,0.9378654970760234,0.37414205075393236
728,1.0,2.138019349850283e-05,0.9364035087719298,0.3745634280859904
729,1.0,2.7659823979091308e-05,0.9364035087719298,0.3762013849905194
730,1.0,2.7420649695348452e-05,0.9371345029239766,0.3749253661940308
731,1.0,1.1292509818621504e-05,0.9378654970760234,0.37063321520081655
732,1.0,2.1465568702357916e-05,0.935672514619883,0.37461730856231823
733,1.0,3.097287086140397e-05,0.9342105263157895,0.37706922102302615
734,1.0,1.4150774398593595e-05,0.9349415204678363,0.3835192214410622
735,1.0,2.9377856246306974e-05,0.9378654970760234,0.37023128638433855
736,1.0,2.314766026524891e-05,0.9364035087719298,0.36806450200776114
737,1.0,2.959102527632014e-05,0.935672514619883,0.365909130878335
738,1.0,7.868858353088967e-05,0.9349415204678363,0.37522222328156796
739,1.0,6.429613697934271e-05,0.935672514619883,0.3817074084600304
740,1.0,2.1392087169779615e-05,0.9342105263157895,0.36588025017002557
741,1.0,1.7230415287241654e-05,0.9364035087719298,0.3742959766789491
742,1.0,2.0752157463799365e-05,0.9364035087719298,0.37210890832005156
743,1.0,3.2310933988047575e-05,0.9378654970760234,0.385156704646232
744,1.0,2.6965615043326083e-05,0.935672514619883,0.37920388877987427
745,1.0,8.38552200212573e-06,0.9349415204678363,0.37918350220722863
746,1.0,2.5549527273041586e-05,0.935672514619883,0.3748708818754896
747,1.0,4.6992623256316416e-05,0.9364035087719298,0.38088087978512913
748,1.0,2.5114832914179664e-05,0.9342105263157895,0.3841071527608302
749,1.0,1.2971350327083103e-05,0.9327485380116959,0.36673432602113937
750,1.0,2.1385578597938552e-05,0.9364035087719298,0.3638847305637048
751,1.0,6.025079593405128e-05,0.9342105263157895,0.37086291058357196
752,1.0,1.5452131548360262e-05,0.9364035087719298,0.3809609674878397
753,1.0,1.1946141404107477e-05,0.9342105263157895,0.37759091652832316
754,1.0,3.225810972622676e-05,0.9364035087719298,0.3749387641518572
755,1.0,3.0511414741496212e-05,0.9349415204678363,0.3785142548041158
756,1.0,2.9124579250736547e-05,0.9371345029239766,0.3727461553238289
757,1.0,1.2661639092944799e-05,0.9349415204678363,0.37713261508940565
758,1.0,1.2566909939802685e-05,0.9371345029239766,0.36881098202917034
759,1.0,1.3259181625911171e-05,0.935672514619883,0.3764881804791214
760,1.0,4.218967639923946e-05,0.9327485380116959,0.38533902341001774
761,1.0,4.31268857229476e-05,0.9371345029239766,0.3714592276495708
762,1.0,1.7970831047920525e-05,0.9364035087719298,0.3840019717761099
763,1.0,3.379796278799123e-05,0.9349415204678363,0.3830874766152742
764,1.0,4.7731795373405986e-05,0.9334795321637427,0.3864126540801683
765,1.0,2.9029542006264207e-05,0.9371345029239766,0.3683150829869149
766,0.999790224459828,0.0004706419488214325,0.9349415204678363,0.38748106879837335
767,1.0,1.4990544772042127e-05,0.9364035087719298,0.38849252268812773
768,1.0,5.6608989560472095e-05,0.9334795321637427,0.3830857657026066
769,1.0,2.127734032437607e-05,0.9342105263157895,0.3713393637038724
770,1.0,2.9648163600363994e-05,0.9342105263157895,0.3902044750595747
771,1.0,1.667816418536108e-05,0.9327485380116959,0.37040314681795533
772,1.0,3.462436266914701e-05,0.9342105263157895,0.38457488776509496
773,1.0,1.556646707316356e-05,0.935672514619883,0.37351589710289224
774,1.0,1.1830422708679168e-05,0.9349415204678363,0.3805614911496293
775,1.0,1.873683751128683e-05,0.935672514619883,0.37783840864214524
776,1.0,4.6090735233272594e-05,0.9385964912280702,0.3734531791631652
777,1.0,1.166030945236551e-05,0.9371345029239766,0.37125003364391973
778,1.0,1.4541002482223877e-05,0.9371345029239766,0.36465718229517863
779,1.0,1.3166293743266799e-05,0.935672514619883,0.38285492647839925
780,1.0,2.1805276626752472e-05,0.935672514619883,0.38395324547512477
781,0.999790224459828,0.00030814636515619074,0.9334795321637427,0.3776485683520996
782,1.0,2.896065438254549e-05,0.9334795321637427,0.3791301116850877
783,1.0,3.791899682817029e-05,0.9371345029239766,0.3716155136935413
784,1.0,4.097967323849654e-05,0.9364035087719298,0.3727169268558798
785,1.0,1.6916872303092848e-05,0.935672514619883,0.3733179873602768
786,1.0,1.975219889516211e-05,0.9378654970760234,0.3785576557505031
787,1.0,2.065176576955755e-05,0.9349415204678363,0.37523079769371814
788,1.0,1.951632325609359e-05,0.9327485380116959,0.38290558290277976
789,1.0,1.0364637517451052e-05,0.9334795321637427,0.3831780780767372
790,0.999790224459828,0.0006040009748847528,0.9342105263157895,0.3696120961997008
791,1.0,5.1194665222386986e-05,0.9378654970760234,0.37136410368703915
792,1.0,2.538802597818658e-05,0.9349415204678363,0.3732865831210971
793,1.0,4.7343423980099934e-05,0.9378654970760234,0.37666717427105884
794,1.0,1.9737391289556594e-05,0.9312865497076024,0.3835107291328482
795,1.0,1.745400448274591e-05,0.9364035087719298,0.38139291305966716
796,1.0,1.9305649581209513e-05,0.9364035087719298,0.3766322038474839
797,1.0,1.5332301242455556e-05,0.9334795321637427,0.3740477745358962
798,1.0,0.000168461951022052,0.9364035087719298,0.37368878911027337
799,1.0,2.1344829454639522e-05,0.935672514619883,0.37604267666181335
800,1.0,3.6646132314114534e-05,0.935672514619883,0.37471773432158906
801,1.0,2.6251515040881932e-05,0.9342105263157895,0.36964559675056247
802,1.0,1.8024740893528263e-05,0.9334795321637427,0.39100419667137915
803,1.0,3.2287828170999685e-05,0.9349415204678363,0.3824427965013202
804,1.0,2.3326364513808274e-05,0.9342105263157895,0.380930048505624
805,1.0,2.226152589216308e-05,0.9371345029239766,0.36739793527183706
806,1.0,1.3965348753285583e-05,0.9371345029239766,0.37802968485359384
807,1.0,8.470837521154014e-06,0.9342105263157895,0.3895329169517513
808,1.0,1.4718657455920869e-05,0.9378654970760234,0.3697581665406307
809,0.999790224459828,0.00017388065553850478,0.9371345029239766,0.3835603923748009
810,1.0,1.100392765790623e-05,0.9364035087719298,0.36764452276957155
811,1.0,1.3574468293378512e-05,0.9385964912280702,0.36680098582968806
812,1.0,4.284096344205357e-05,0.9364035087719298,0.3747649895701406
813,1.0,1.8486151838559506e-05,0.9349415204678363,0.3771101295268488
814,1.0,1.2244285604513748e-05,0.935672514619883,0.3718409721095245
815,1.0,2.6263453067765155e-05,0.9349415204678363,0.3938483021148957
816,1.0,0.00010397487012928589,0.9342105263157895,0.378333261708978
817,1.0,7.895482522388608e-05,0.9342105263157895,0.3798954873420244
818,1.0,1.1968132633490851e-05,0.9334795321637427,0.3900565155443389
819,1.0,1.5212716117953247e-05,0.9364035087719298,0.3718252990362343
820,1.0,9.628094637001967e-06,0.935672514619883,0.383163170304236
821,1.0,0.00015081940845854033,0.9364035087719298,0.36763352730452237
822,1.0,1.4144603849385534e-05,0.9342105263157895,0.3778787992169084
823,1.0,2.142105958893393e-05,0.9342105263157895,0.36699715636529806
824,1.0,3.4878160670893745e-05,0.9342105263157895,0.3720514094957887
825,1.0,5.043284375845195e-05,0.935672514619883,0.3826508958401635
826,1.0,5.0054421528738807e-05,0.9349415204678363,0.37189024100269646
827,1.0,1.2461775941424613e-05,0.9371345029239766,0.36594601620941664
828,1.0,7.319560467639525e-05,0.9342105263157895,0.37553307329247665
829,1.0,1.5595046717455275e-05,0.9349415204678363,0.36535279567185575
830,1.0,5.7947984226191256e-05,0.9371345029239766,0.37210150777773804
831,1.0,1.758685193185587e-05,0.9349415204678363,0.3754963522200299
832,1.0,1.4620145746741535e-05,0.9342105263157895,0.3759685337413536
833,1.0,0.0001406896860214678,0.9349415204678363,0.3785076990634268
834,1.0,1.3349905632676169e-05,0.9349415204678363,0.37688232389235393
835,1.0,1.8622535055523954e-05,0.9371345029239766,0.3739003530408386
836,1.0,2.492363414023581e-05,0.9371345029239766,0.37144431905539405
837,1.0,2.6434643022361917e-05,0.9349415204678363,0.386301823531624
838,1.0,3.261514319354856e-05,0.9364035087719298,0.3759515791032247
839,1.0,2.198533662528199e-05,0.935672514619883,0.3695152149086298
840,1.0,5.285812146316033e-05,0.9334795321637427,0.3799102383254226
841,1.0,1.1678709272580317e-05,0.935672514619883,0.379754744476211
842,1.0,1.2619851161726552e-05,0.9334795321637427,0.379594316910465
843,1.0,0.00013384409046176377,0.9334795321637427,0.370170108657222
844,1.0,8.877610106661365e-05,0.9364035087719298,0.3796333848542079
845,1.0,5.380567030146719e-05,0.935672514619883,0.3770019666746605
846,0.999790224459828,0.00023655176829568566,0.9371345029239766,0.3798155232243305
847,1.0,2.8640989115736728e-05,0.9342105263157895,0.37250938584356635
848,1.0,9.095028904298397e-06,0.9334795321637427,0.3915252647400552
849,1.0,1.984585135431299e-05,0.9349415204678363,0.3694013687727843
850,1.0,1.8017982201488227e-05,0.9342105263157895,0.3722447649857333
851,1.0,1.293810096255077e-05,0.9378654970760234,0.37647468726107375
852,1.0,3.107839682758254e-05,0.9342105263157895,0.37863722765617897
853,1.0,1.3990637820758069e-05,0.935672514619883,0.3785199171966375
854,1.0,9.561801568189738e-06,0.9364035087719298,0.37670386716761345
855,1.0,1.8354064137222074e-05,0.935672514619883,0.38384355424475575
856,0.999790224459828,0.0001944008989622129,0.9342105263157895,0.37704709613273396
857,1.0,3.4316993560118525e-05,0.9334795321637427,0.36826473051752506
858,0.999790224459828,0.00031504378087286554,0.9342105263157895,0.38620273745889494
859,1.0,8.952648857374569e-05,0.9349415204678363,0.37288886978058144
860,1.0,1.1954023469553743e-05,0.9334795321637427,0.37846904624453853
861,1.0,1.2092655240302819e-05,0.9334795321637427,0.3724147458804425
862,1.0,0.00014057178731797875,0.9342105263157895,0.38740975879603823
863,1.0,0.00010720644211568585,0.935672514619883,0.3763088723373881
864,1.0,2.6804520231181358e-05,0.9364035087719298,0.3738495405427678
865,1.0,4.450485923505449e-05,0.9364035087719298,0.3651807252480107
866,1.0,6.0589623951315825e-05,0.9349415204678363,0.37897901713636944
867,1.0,1.6556345014926183e-05,0.935672514619883,0.3782880440744203
868,0.999790224459828,0.00030601105440257394,0.935672514619883,0.37926169058990256
869,1.0,3.8809064573279436e-05,0.9371345029239766,0.3730654533557204
870,1.0,4.115828231677113e-05,0.935672514619883,0.37462286617834295
871,1.0,0.00011327390847931773,0.9378654970760234,0.39501555422916573
872,1.0,2.7060068373887913e-05,0.9327485380116959,0.38908285132966675
873,1.0,1.4238328896723924e-05,0.935672514619883,0.3803419098203872
874,1.0,1.4744162669158325e-05,0.9364035087719298,0.3732204818935675
875,1.0,2.2551539618521418e-05,0.9334795321637427,0.3738213659935566
876,1.0,4.5308817043359944e-05,0.9364035087719298,0.37258370379852346
877,1.0,4.230323716398054e-05,0.9364035087719298,0.3741720183048571
878,1.0,3.057241618739529e-05,0.9334795321637427,0.3639265621746999
879,1.0,1.4326346239340331e-05,0.935672514619883,0.3700607462331306
880,1.0,3.6258452105022e-05,0.935672514619883,0.37781181270229564
881,1.0,5.9587101464944225e-05,0.9334795321637427,0.37803889983496086
882,1.0,0.0001319646448200576,0.9342105263157895,0.3869564178762524
883,1.0,3.4449067556088024e-05,0.9349415204678363,0.3809943986152364
884,1.0,4.639479844236548e-05,0.9378654970760234,0.39207241494278966
885,1.0,2.3828743178150425e-05,0.9349415204678363,0.36988443561943335
886,1.0,1.4775664317922874e-05,0.9371345029239766,0.3730158232623538
887,1.0,3.774563894035207e-05,0.935672514619883,0.38383485667060974
888,1.0,0.00019405683263429508,0.9342105263157895,0.38322476929914595
889,1.0,1.4834412444155374e-05,0.935672514619883,0.3740289363696045
890,1.0,3.742674394841181e-05,0.9349415204678363,0.37243489357155507
891,1.0,7.204071387348559e-05,0.9349415204678363,0.3775038974086191
892,1.0,2.1380666118340203e-05,0.9364035087719298,0.37772353848057993
893,1.0,3.7295917626954864e-05,0.9385964912280702,0.3679828483551784
894,1.0,1.6989630392531307e-05,0.9349415204678363,0.37474382970195136
895,1.0,1.4664379032625745e-05,0.9385964912280702,0.3821384711962648
896,1.0,0.00017502309375817544,0.935672514619883,0.36887562799343276
897,1.0,8.102045395517906e-05,0.9342105263157895,0.3684156686067581
898,1.0,2.0971075328944552e-05,0.9364035087719298,0.3685928047553441
899,1.0,1.4819966963078581e-05,0.9364035087719298,0.37000121977613415
900,1.0,2.261556154286801e-05,0.935672514619883,0.3702950986727617
901,1.0,1.0891872151532026e-05,0.9385964912280702,0.38226836683163634
902,1.0,2.574785724501276e-05,0.9327485380116959,0.3775147772339974
903,1.0,1.925089854189201e-05,0.935672514619883,0.3745277758381806
904,1.0,1.2599049540731114e-05,0.9349415204678363,0.3791041810791073
905,1.0,4.599104198079457e-05,0.9349415204678363,0.3781723190521345
906,1.0,2.1601388958124944e-05,0.9364035087719298,0.3700164153597989
907,1.0,4.0933855150846005e-05,0.9349415204678363,0.3824047518482562
908,1.0,2.4170196399224717e-05,0.9349415204678363,0.37998791931868464
909,1.0,1.6677339927938136e-05,0.9334795321637427,0.3630933765021456
910,1.0,1.2388937196515785e-05,0.9371345029239766,0.3761681799247569
911,1.0,2.1255921720334323e-05,0.9371345029239766,0.36698194203605916
912,1.0,1.2341562540729115e-05,0.935672514619883,0.3722068233493997
913,1.0,2.6011451978811483e-05,0.9364035087719298,0.3696404440899726
914,1.0,2.2211063054746528e-05,0.935672514619883,0.37001158610300355
915,1.0,4.961951263785461e-05,0.935672514619883,0.3753236010183342
916,1.0,4.94259249730717e-05,0.9342105263157895,0.3734348776687998
917,1.0,1.3970110414704213e-05,0.9342105263157895,0.3856777642192969
918,0.999790224459828,0.0004022209291117984,0.9334795321637427,0.37688490655814666
919,1.0,2.4244273946113258e-05,0.9378654970760234,0.37675060122544596
920,1.0,9.49948461488594e-06,0.935672514619883,0.3717631607446386
921,1.0,3.175690696004049e-05,0.935672514619883,0.37398480956691726
922,1.0,7.862766104145313e-05,0.9378654970760234,0.36994356840989706
923,1.0,1.269182289876496e-05,0.9342105263157895,0.37338056837934136
924,1.0,3.235439787307854e-05,0.935672514619883,0.375978315936748
925,1.0,5.730267103585322e-05,0.9342105263157895,0.3831208508683715
926,1.0,3.1311314171565654e-05,0.9364035087719298,0.37384208340501024
927,1.0,1.9047251214869415e-05,0.9371345029239766,0.3757314171539186
928,1.0,7.36124686132801e-05,0.935672514619883,0.378533459342962
929,1.0,0.0002560894077400032,0.9342105263157895,0.37838513602984547
930,1.0,1.2255491316678036e-05,0.935672514619883,0.3782976934548229
931,1.0,3.924624376770909e-05,0.935672514619883,0.38661804417389184
932,1.0,0.00012048481394780562,0.9371345029239766,0.3808293008505432
933,1.0,0.00019844754091378038,0.9364035087719298,0.377138082300811
934,1.0,3.895944967968149e-05,0.9349415204678363,0.3848195829195902
935,1.0,1.8755825283965382e-05,0.9349415204678363,0.3720489215514579
936,1.0,1.244095899521455e-05,0.935672514619883,0.37303554740745226
937,1.0,1.962191696818246e-05,0.9364035087719298,0.3725693459503439
938,1.0,3.178605358567551e-05,0.9334795321637427,0.37410588065151473
939,1.0,1.3024134278717708e-05,0.935672514619883,0.3780461520140687
940,1.0,8.456563823559515e-06,0.9349415204678363,0.3697894548721135
941,1.0,1.5870818207143953e-05,0.9334795321637427,0.3723552160649994
942,1.0,1.3091979081495718e-05,0.9364035087719298,0.3627348678284
943,1.0,2.0604391110337386e-05,0.935672514619883,0.38138449374521366
944,1.0,8.92715533820177e-06,0.935672514619883,0.37944219499653165
945,1.0,2.1702798478798397e-05,0.9334795321637427,0.3778229662674739
946,1.0,7.423914486642255e-05,0.9349415204678363,0.3666389319249754
947,1.0,2.897832914459019e-05,0.9371345029239766,0.37500287158967016
948,1.0,1.3157434295862913e-05,0.9349415204678363,0.3759473113662585
949,1.0,1.1808254045806567e-05,0.935672514619883,0.372808180758892
950,1.0,2.256965715927765e-05,0.9349415204678363,0.37819718493576443
951,1.0,1.3629580652737761e-05,0.9378654970760234,0.3759854324378593
952,1.0,4.6903173544046844e-05,0.9349415204678363,0.38158409891049055
953,1.0,5.8898697827756426e-05,0.935672514619883,0.37980308852071853
954,1.0,1.0416580274994391e-05,0.9349415204678363,0.3867832012190267
955,1.0,2.4299965383114424e-05,0.9364035087719298,0.37646461758481037
956,1.0,4.247614146420621e-05,0.9371345029239766,0.37689043532347655
957,1.0,1.3431810364502189e-05,0.9334795321637427,0.37975903023521657
958,1.0,2.795521715793043e-05,0.9334795321637427,0.37340580814566765
959,1.0,8.165862141903677e-06,0.9334795321637427,0.36802682919200336
960,1.0,1.4580201505490575e-05,0.9349415204678363,0.3838406926979376
961,1.0,1.4100583487884891e-05,0.9334795321637427,0.37773753588120346
962,1.0,2.0770650840079377e-05,0.935672514619883,0.3826955178465564
963,1.0,3.340432324009252e-05,0.9349415204678363,0.3787007977601227
964,0.999790224459828,0.0001905230233861836,0.9364035087719298,0.3635173048417972
965,1.0,9.438311703331768e-05,0.935672514619883,0.38324410501775485
966,1.0,1.637398161062033e-05,0.935672514619883,0.39099292401061936
967,1.0,1.4064322593356263e-05,0.9364035087719298,0.38074513097012114
968,1.0,1.2107816101528467e-05,0.9320175438596491,0.38347504847022423
969,1.0,2.644350984033528e-05,0.9349415204678363,0.3756728493107678
970,1.0,3.710388814672127e-05,0.9342105263157895,0.3727768902547744
971,1.0,2.00266372181224e-05,0.935672514619883,0.3801498744585335
972,1.0,1.3444966266212497e-05,0.9349415204678363,0.3769440485819698
973,1.0,4.316711869672042e-05,0.9349415204678363,0.3856255008099969
974,1.0,8.39352020535297e-06,0.9371345029239766,0.3680547600487507
975,1.0,2.243693794548715e-05,0.9364035087719298,0.36884793645951375
976,1.0,4.4798031272180104e-05,0.9334795321637427,0.3787694995624533
977,1.0,7.984218955732024e-06,0.9378654970760234,0.37705873124718364
978,1.0,2.2601120094621963e-05,0.9364035087719298,0.38705957872890545
979,1.0,3.5014779382131045e-05,0.9364035087719298,0.3742855034936436
980,0.999790224459828,0.0003206635155734239,0.9364035087719298,0.38024195284734286
981,1.0,0.00017150535108456877,0.9349415204678363,0.38094657034407436
982,1.0,2.4471848132043153e-05,0.9349415204678363,0.37921392664497416
983,1.0,1.8309404205236865e-05,0.935672514619883,0.3735963135733009
984,1.0,2.7261278405420542e-05,0.935672514619883,0.37990355025706163
985,1.0,0.0001432481894285627,0.9342105263157895,0.38074998842108304
986,1.0,4.2519084326274896e-05,0.9385964912280702,0.3708292827860257
987,0.999790224459828,0.00022900966686448013,0.9334795321637427,0.38089625354447443
988,1.0,1.2920993176460693e-05,0.9342105263157895,0.3649128146068908
989,0.999790224459828,0.000241591513453319,0.9342105263157895,0.39590277507776656
990,1.0,2.656014231928224e-05,0.935672514619883,0.38736718055402297
991,1.0,1.5661712257729082e-05,0.9349415204678363,0.37213414312383636
992,1.0,1.2122732583740444e-05,0.9349415204678363,0.3789919091383169
993,1.0,1.418846452742211e-05,0.9342105263157895,0.3680363161500197
994,1.0,5.2734376335452574e-05,0.9385964912280702,0.37394537673423844
995,1.0,9.402131867861786e-06,0.9349415204678363,0.36962302085716103
996,1.0,1.7687635592372182e-05,0.9349415204678363,0.3691021291400999
997,1.0,0.00017217215062657562,0.9364035087719298,0.3733609359844068
998,1.0,5.1276269968697085e-05,0.9364035087719298,0.3705766424983415
999,1.0,5.2359347111156703e-05,0.9334795321637427,0.37427555628359144
1000,1.0,2.8010854559157976e-05,0.9371345029239766,0.3871816617469195
